{
  "model_version": "20260224T135220Z",
  "created_at_utc": "2026-02-24T13:52:20.055837+00:00",
  "threshold": 0.290783,
  "threshold_details": {
    "reason": "target_sensitivity_met",
    "target_sensitivity": 0.97,
    "candidate_count": 243,
    "chosen_metrics": {
      "threshold": 0.290783,
      "tn": 220,
      "fp": 66,
      "fn": 5,
      "tp": 165,
      "sensitivity": 0.9705882352941176,
      "specificity": 0.7692307692307693,
      "ppv": 0.7142857142857143,
      "npv": 0.9777777777777777,
      "accuracy": 0.8442982456140351,
      "roc_auc": 0.9800699300699302,
      "pr_auc": 0.9779307522337527,
      "brier_score": 0.06499584944003337
    }
  },
  "cv_folds": 5,
  "cv_oof_metrics": {
    "threshold": 0.290783,
    "tn": 220,
    "fp": 66,
    "fn": 5,
    "tp": 165,
    "sensitivity": 0.9705882352941176,
    "specificity": 0.7692307692307693,
    "ppv": 0.7142857142857143,
    "npv": 0.9777777777777777,
    "accuracy": 0.8442982456140351,
    "roc_auc": 0.9800699300699302,
    "pr_auc": 0.9779307522337527,
    "brier_score": 0.06499584944003337
  },
  "cv_folds_report": [
    {
      "fold": 1,
      "fit_size": 364,
      "val_size": 92,
      "best_epoch": 190,
      "best_val_loss": 0.3023083922655686,
      "fold_threshold": 0.712031,
      "fold_metrics": {
        "threshold": 0.712031,
        "tn": 57,
        "fp": 1,
        "fn": 1,
        "tp": 33,
        "sensitivity": 0.9705882352941176,
        "specificity": 0.9827586206896551,
        "ppv": 0.9705882352941176,
        "npv": 0.9827586206896551,
        "accuracy": 0.9782608695652174,
        "roc_auc": 0.9840263691683571,
        "pr_auc": 0.9805927486083948,
        "brier_score": 0.08044230813798905
      }
    },
    {
      "fold": 2,
      "fit_size": 365,
      "val_size": 91,
      "best_epoch": 108,
      "best_val_loss": 0.4444570059959705,
      "fold_threshold": 0.245107,
      "fold_metrics": {
        "threshold": 0.245107,
        "tn": 56,
        "fp": 1,
        "fn": 1,
        "tp": 33,
        "sensitivity": 0.9705882352941176,
        "specificity": 0.9824561403508771,
        "ppv": 0.9705882352941176,
        "npv": 0.9824561403508771,
        "accuracy": 0.978021978021978,
        "roc_auc": 0.9979360165118679,
        "pr_auc": 0.9966096955716333,
        "brier_score": 0.08662388018231319
      }
    },
    {
      "fold": 3,
      "fit_size": 365,
      "val_size": 91,
      "best_epoch": 147,
      "best_val_loss": 0.2538284028951938,
      "fold_threshold": 0.238109,
      "fold_metrics": {
        "threshold": 0.238109,
        "tn": 0,
        "fp": 57,
        "fn": 0,
        "tp": 34,
        "sensitivity": 1.0,
        "specificity": 0.0,
        "ppv": 0.37362637362637363,
        "npv": 0.0,
        "accuracy": 0.37362637362637363,
        "roc_auc": 0.9806501547987617,
        "pr_auc": 0.9770523594053006,
        "brier_score": 0.05235127891771375
      }
    },
    {
      "fold": 4,
      "fit_size": 365,
      "val_size": 91,
      "best_epoch": 217,
      "best_val_loss": 0.3075567480626997,
      "fold_threshold": 0.491548,
      "fold_metrics": {
        "threshold": 0.491548,
        "tn": 57,
        "fp": 0,
        "fn": 1,
        "tp": 33,
        "sensitivity": 0.9705882352941176,
        "specificity": 1.0,
        "ppv": 1.0,
        "npv": 0.9827586206896551,
        "accuracy": 0.989010989010989,
        "roc_auc": 0.9953560371517027,
        "pr_auc": 0.993844049247606,
        "brier_score": 0.04798456350662771
      }
    },
    {
      "fold": 5,
      "fit_size": 365,
      "val_size": 91,
      "best_epoch": 185,
      "best_val_loss": 0.26649114686054187,
      "fold_threshold": 0.56362,
      "fold_metrics": {
        "threshold": 0.56362,
        "tn": 56,
        "fp": 1,
        "fn": 1,
        "tp": 33,
        "sensitivity": 0.9705882352941176,
        "specificity": 0.9824561403508771,
        "ppv": 0.9705882352941176,
        "npv": 0.9824561403508771,
        "accuracy": 0.978021978021978,
        "roc_auc": 0.9829721362229102,
        "pr_auc": 0.9807121943800144,
        "brier_score": 0.05740747515114997
      }
    }
  ],
  "trainval_metrics": {
    "threshold": 0.290783,
    "tn": 286,
    "fp": 0,
    "fn": 0,
    "tp": 170,
    "sensitivity": 1.0,
    "specificity": 1.0,
    "ppv": 1.0,
    "npv": 1.0,
    "accuracy": 1.0,
    "roc_auc": 1.0,
    "pr_auc": 1.0,
    "brier_score": 0.017550471735158394
  },
  "test_metrics": {
    "threshold": 0.290783,
    "tn": 65,
    "fp": 6,
    "fn": 3,
    "tp": 39,
    "sensitivity": 0.9285714285714286,
    "specificity": 0.9154929577464789,
    "ppv": 0.8666666666666667,
    "npv": 0.9558823529411765,
    "accuracy": 0.9203539823008849,
    "roc_auc": 0.9912810194500334,
    "pr_auc": 0.9872669459799115,
    "brier_score": 0.04812136900844681
  },
  "overfit_gap": {
    "sensitivity_gap": 0.0714285714285714,
    "specificity_gap": 0.08450704225352113,
    "roc_auc_gap": 0.00871898054996656
  },
  "final_training_epochs": 185,
  "sample_counts": {
    "train_val": 456,
    "test": 113
  },
  "dropped_columns": {
    "unnamed": [
      "Unnamed:_32"
    ],
    "all_nan": []
  },
  "training_signature": "552e292affd32e21cb11ea8f72ff1f14eb7549f5b9134d6bc7839cc20514e4ee",
  "cache_hit": false
}